<?xml version="1.0" encoding="UTF-8"?>
<project-private xmlns="http://www.netbeans.org/ns/project-private/1">
    <editor-bookmarks xmlns="http://www.netbeans.org/ns/editor-bookmarks/2" lastBookmarkId="0"/>
    <open-files xmlns="http://www.netbeans.org/ns/projectui-open-files/2">
        <group>
            <file>file:/C:/Users/nibra/Desktop/RealState/Real_State_user/Real_State_user/src/real_state_user/Real_State_user.java</file>
            <file>file:/C:/Users/nibra/Desktop/RealState/Real_State_user/Real_State_user/src/real_state_user/DbUtils.java</file>
            <file>file:/C:/Users/nibra/Desktop/RealState/Real_State_user/Real_State_user/src/real_state_user/LoginPage.java</file>
            <file>file:/C:/Users/nibra/Desktop/RealState/Real_State_user/Real_State_user/src/real_state_user/FrontPage.java</file>
        </group>
    </open-files>
</project-private>
